{
    "mean": {
        "1": -0.932560331833907,
        "2": -0.777858486023085,
        "3": -0.635542793539932,
        "4": -0.499537467376478,
        "5": -0.342942919441891
    },
    "pro": [
        0.0499201256526725,
        0.30536503171602,
        0.229420894902777,
        0.256847978384008,
        0.158445969344522
    ],
    "variance": {
        "G": 5,
        "d": 1,
        "modelName": "V",
        "scale": [
            0.00187515853473488,
            0.00593623076189385,
            0.00474618877284482,
            0.0100009813334372,
            0.0280511359141501
        ],
        "sigmasq": [
            0.00187515853473488,
            0.00593623076189385,
            0.00474618877284482,
            0.0100009813334372,
            0.0280511359141501
        ]
    }
}