{
    "mean": {
        "1": -0.839487119646457,
        "2": -0.611954120077768,
        "3": -0.412733842056207,
        "4": -0.221269040400361
    },
    "pro": [
        0.0544802505660247,
        0.268261271283126,
        0.405379978578895,
        0.271878499571955
    ],
    "variance": {
        "G": 4,
        "d": 1,
        "modelName": "E",
        "sigmasq": 0.0103822727699399
    }
}