{
    "mean": {
        "1": -0.969294297487533,
        "2": -0.876683194323375,
        "3": -0.713166220133518,
        "4": -0.533369545251056,
        "5": -0.334290754916987,
        "6": -0.0944104478778369
    },
    "pro": [
        0.0319675510000585,
        0.131668621124815,
        0.2757578558641,
        0.216705580768322,
        0.296936969567178,
        0.0469634216755277
    ],
    "variance": {
        "G": 6,
        "d": 1,
        "modelName": "V",
        "scale": [
            0.000432433178816977,
            0.0025182287042359,
            0.00815168469632526,
            0.0082976032105479,
            0.0134835043933636,
            0.00370670934682499
        ],
        "sigmasq": [
            0.000432433178816977,
            0.0025182287042359,
            0.00815168469632526,
            0.0082976032105479,
            0.0134835043933636,
            0.00370670934682499
        ]
    }
}