{
    "mean": {
        "1": -0.980410072615634,
        "2": -0.881327524515796,
        "3": -0.674176833420943,
        "4": -0.318808893367619,
        "5": -0.135571072077104,
        "6": -0.0356336091167426
    },
    "pro": [
        0.0268933163070209,
        0.115852648853803,
        0.28121545787523,
        0.379603586462562,
        0.151316508461048,
        0.0451184820403358
    ],
    "variance": {
        "G": 6,
        "d": 1,
        "modelName": "V",
        "scale": [
            0.000254120021920222,
            0.00314898029661984,
            0.0129613477418045,
            0.0112591805417086,
            0.00331422950797635,
            0.00058342345357247
        ],
        "sigmasq": [
            0.000254120021920222,
            0.00314898029661984,
            0.0129613477418045,
            0.0112591805417086,
            0.00331422950797635,
            0.00058342345357247
        ]
    }
}