{
    "mean": {
        "1": -0.964774624564656,
        "2": -0.862434687930477,
        "3": -0.700029647833992,
        "4": -0.495779779690298,
        "5": -0.283818020277536,
        "6": -0.0799883128422985
    },
    "pro": [
        0.0451068042691695,
        0.142943935765983,
        0.24483215701228,
        0.253151476508626,
        0.269848009376839,
        0.0441176170671012
    ],
    "variance": {
        "G": 6,
        "d": 1,
        "modelName": "V",
        "scale": [
            0.000589409358750422,
            0.00315768002042077,
            0.00874878309836983,
            0.00930395026314111,
            0.0107198802984396,
            0.00269689935058947
        ],
        "sigmasq": [
            0.000589409358750422,
            0.00315768002042077,
            0.00874878309836983,
            0.00930395026314111,
            0.0107198802984396,
            0.00269689935058947
        ]
    }
}