{
    "mean": {
        "1": -0.990900213680552,
        "2": -0.942312224650199,
        "3": -0.879226298927994,
        "4": -0.798193542335494,
        "5": -0.630465076475075,
        "6": -0.320641770037558,
        "7": -0.107229590207814,
        "8": -0.0240097210581798
    },
    "pro": [
        0.0240237221857729,
        0.117237023829072,
        0.157225046629598,
        0.151372908503864,
        0.198018180822046,
        0.243767181611408,
        0.0640934088677682,
        0.0442625275504701
    ],
    "variance": {
        "G": 8,
        "d": 1,
        "modelName": "V",
        "scale": [
            5.1254533584111e-05,
            0.000630387716128921,
            0.00125628539618863,
            0.00234585462154829,
            0.0097753364408813,
            0.0119789812979427,
            0.00186796479174482,
            0.000233652767789996
        ],
        "sigmasq": [
            5.1254533584111e-05,
            0.000630387716128921,
            0.00125628539618863,
            0.00234585462154829,
            0.0097753364408813,
            0.0119789812979427,
            0.00186796479174482,
            0.000233652767789996
        ]
    }
}