{
    "mean": {
        "1": -0.938871476599459,
        "2": -0.836752304534029,
        "3": -0.572876835143638,
        "4": -0.384738540433567,
        "5": -0.24122611981794,
        "6": -0.124050765884158,
        "7": -0.0504429047597372,
        "8": -0.0121810856429475
    },
    "pro": [
        0.0826600775981738,
        0.131719555673277,
        0.215311696588849,
        0.152676765084203,
        0.238820634067945,
        0.105472706099794,
        0.0518810607405016,
        0.0214575041472498
    ],
    "variance": {
        "G": 8,
        "d": 1,
        "modelName": "V",
        "scale": [
            0.00104810708742222,
            0.00364297505423607,
            0.0163397839927115,
            0.00529717469628483,
            0.00441774980972701,
            0.0018196304446761,
            0.000452442579630007,
            9.34158809137175e-05
        ],
        "sigmasq": [
            0.00104810708742222,
            0.00364297505423607,
            0.0163397839927115,
            0.00529717469628483,
            0.00441774980972701,
            0.0018196304446761,
            0.000452442579630007,
            9.34158809137175e-05
        ]
    }
}